{
  "model": "xgboost",
  "best_params": {
    "select__k": 90,
    "clf__subsample": 1.0,
    "clf__scale_pos_weight": 5.0,
    "clf__reg_lambda": 5.0,
    "clf__reg_alpha": 0.1,
    "clf__n_estimators": 250,
    "clf__min_child_weight": 5,
    "clf__max_depth": 3,
    "clf__learning_rate": 0.02,
    "clf__colsample_bytree": 0.8
  },
  "oof_threshold_metrics": {
    "threshold": 0.47,
    "f1": 0.6446280991735537,
    "balanced_accuracy": 0.7955934894799523,
    "precision": 0.5909090909090909,
    "recall": 0.7090909090909091,
    "confusion_matrix": [
      [
        202,
        27
      ],
      [
        16,
        39
      ]
    ],
    "roc_auc": 0.848670107185391,
    "pr_auc": 0.5587502656249657
  },
  "holdout_metrics": {
    "threshold": 0.47,
    "roc_auc": 0.7302955665024631,
    "pr_auc": 0.5167222882084633,
    "f1": 0.38095238095238093,
    "balanced_accuracy": 0.6169950738916257,
    "precision": 0.5714285714285714,
    "recall": 0.2857142857142857,
    "confusion_matrix": [
      [
        55,
        3
      ],
      [
        10,
        4
      ]
    ],
    "classification_report": {
      "0": {
        "precision": 0.8461538461538461,
        "recall": 0.9482758620689655,
        "f1-score": 0.8943089430894309,
        "support": 58.0
      },
      "1": {
        "precision": 0.5714285714285714,
        "recall": 0.2857142857142857,
        "f1-score": 0.38095238095238093,
        "support": 14.0
      },
      "accuracy": 0.8194444444444444,
      "macro avg": {
        "precision": 0.7087912087912087,
        "recall": 0.6169950738916257,
        "f1-score": 0.6376306620209059,
        "support": 72.0
      },
      "weighted avg": {
        "precision": 0.7927350427350427,
        "recall": 0.8194444444444444,
        "f1-score": 0.7944896115627823,
        "support": 72.0
      }
    },
    "probabilities": [
      0.09206970930099487,
      0.10943128392100335,
      0.1322959043085575,
      0.07264711074531079,
      0.1662265345454216,
      0.0783218253403902,
      0.06718389093875884,
      0.114424579590559,
      0.08467818945646285,
      0.17148377746343613,
      0.11929723732173443,
      0.0642025701701641,
      0.5184813439846039,
      0.15229288041591643,
      0.5022595286369324,
      0.05379403047263622,
      0.5722325086593628,
      0.0737654335796833,
      0.7016875386238098,
      0.06333578675985337,
      0.4502168774604797,
      0.0504913154989481,
      0.15295354798436164,
      0.2010552167892456,
      0.08151580765843391,
      0.7106105089187622,
      0.06797819212079048,
      0.07053352110087871,
      0.3951375365257263,
      0.17809357196092607,
      0.1047172948718071,
      0.24093765318393706,
      0.06816290207207203,
      0.05297298803925514,
      0.14560920298099517,
      0.05777547769248485,
      0.05098114106804132,
      0.09729621484875679,
      0.2022136054933071,
      0.40488609969615935,
      0.2625619418919086,
      0.5857396185398102,
      0.19913842678070068,
      0.06595935486257076,
      0.10264658704400062,
      0.058138469234108925,
      0.05898128729313612,
      0.08356495685875416,
      0.05764831379055977,
      0.08748895302414894,
      0.06619403474032878,
      0.06216360591351986,
      0.16619311571121215,
      0.287226265668869,
      0.08976842686533928,
      0.14160295575857162,
      0.05277487151324749,
      0.4153638809919357,
      0.18718754649162292,
      0.08914841413497925,
      0.7516295075416565,
      0.16299418359994888,
      0.05441342759877443,
      0.06917341500520706,
      0.05592091232538223,
      0.12584247887134553,
      0.07730147689580917,
      0.09304015189409257,
      0.17843670696020125,
      0.10553747266530991,
      0.23342818021774292,
      0.1528195321559906
    ],
    "predictions": [
      0,
      0,
      0,
      0,
      0,
      0,
      0,
      0,
      0,
      0,
      0,
      0,
      1,
      0,
      1,
      0,
      1,
      0,
      1,
      0,
      0,
      0,
      0,
      0,
      0,
      1,
      0,
      0,
      0,
      0,
      0,
      0,
      0,
      0,
      0,
      0,
      0,
      0,
      0,
      0,
      0,
      1,
      0,
      0,
      0,
      0,
      0,
      0,
      0,
      0,
      0,
      0,
      0,
      0,
      0,
      0,
      0,
      0,
      0,
      0,
      1,
      0,
      0,
      0,
      0,
      0,
      0,
      0,
      0,
      0,
      0,
      0
    ]
  }
}