{
  "model": "random_forest",
  "best_params": {
    "select__k": 45,
    "clf__n_estimators": 200,
    "clf__min_samples_split": 5,
    "clf__min_samples_leaf": 2,
    "clf__max_features": 0.5,
    "clf__max_depth": 4,
    "clf__class_weight": "balanced"
  },
  "oof_threshold_metrics": {
    "threshold": 0.45,
    "f1": 0.6126126126126126,
    "balanced_accuracy": 0.7610559745930925,
    "precision": 0.6071428571428571,
    "recall": 0.6181818181818182,
    "confusion_matrix": [
      [
        207,
        22
      ],
      [
        21,
        34
      ]
    ],
    "roc_auc": 0.8396188963874553,
    "pr_auc": 0.5839472831493543
  },
  "holdout_metrics": {
    "threshold": 0.45,
    "roc_auc": 0.7524630541871922,
    "pr_auc": 0.5175186494624434,
    "f1": 0.4,
    "balanced_accuracy": 0.625615763546798,
    "precision": 0.6666666666666666,
    "recall": 0.2857142857142857,
    "confusion_matrix": [
      [
        56,
        2
      ],
      [
        10,
        4
      ]
    ],
    "classification_report": {
      "0": {
        "precision": 0.8484848484848485,
        "recall": 0.9655172413793104,
        "f1-score": 0.9032258064516129,
        "support": 58.0
      },
      "1": {
        "precision": 0.6666666666666666,
        "recall": 0.2857142857142857,
        "f1-score": 0.4,
        "support": 14.0
      },
      "accuracy": 0.8333333333333334,
      "macro avg": {
        "precision": 0.7575757575757576,
        "recall": 0.625615763546798,
        "f1-score": 0.6516129032258065,
        "support": 72.0
      },
      "weighted avg": {
        "precision": 0.8131313131313131,
        "recall": 0.8333333333333334,
        "f1-score": 0.8053763440860214,
        "support": 72.0
      }
    },
    "probabilities": [
      0.10123291584235652,
      0.08733512482844745,
      0.1307273028596312,
      0.07249242524128965,
      0.2138311745000327,
      0.10977174984655647,
      0.05581077370886802,
      0.14681369401023275,
      0.07975509252397853,
      0.2468668604300043,
      0.08570027727823376,
      0.06698194230497621,
      0.5815706955579995,
      0.090954796519633,
      0.5807415628772998,
      0.05242035099056349,
      0.5379924252163906,
      0.08176095322937546,
      0.7227629396503769,
      0.06783889082817571,
      0.2436351960782365,
      0.04084234010696328,
      0.08858171124095468,
      0.1259901359809116,
      0.060924998545312505,
      0.7316105881763598,
      0.09748383955836445,
      0.05705231186026728,
      0.24077270685617586,
      0.135794611820678,
      0.08417690515558474,
      0.26730532264609497,
      0.06486326019756877,
      0.04105905826743607,
      0.1269642849783603,
      0.04692227620488613,
      0.03988632652862286,
      0.14310304316405192,
      0.1266931518407581,
      0.31481418783356535,
      0.3645306660952274,
      0.31676229107891885,
      0.2516973929744124,
      0.043167596652358545,
      0.0959613297654767,
      0.0475601580151585,
      0.052718587540628414,
      0.0773591558801783,
      0.049610098908085855,
      0.16713204401897327,
      0.05697820458488149,
      0.06865303783736823,
      0.16819573052789327,
      0.2744958114321063,
      0.10839093274305026,
      0.1528488844182265,
      0.06795323602977754,
      0.4332482521609589,
      0.18159221284657695,
      0.07911021111660195,
      0.7114981096226372,
      0.12500795941689397,
      0.04365503075862918,
      0.04677394536961256,
      0.04978707574851114,
      0.09118261998556951,
      0.0537539911930483,
      0.08393634559975578,
      0.12303213572770141,
      0.13565832678285986,
      0.2558433927150872,
      0.19178336670203994
    ],
    "predictions": [
      0,
      0,
      0,
      0,
      0,
      0,
      0,
      0,
      0,
      0,
      0,
      0,
      1,
      0,
      1,
      0,
      1,
      0,
      1,
      0,
      0,
      0,
      0,
      0,
      0,
      1,
      0,
      0,
      0,
      0,
      0,
      0,
      0,
      0,
      0,
      0,
      0,
      0,
      0,
      0,
      0,
      0,
      0,
      0,
      0,
      0,
      0,
      0,
      0,
      0,
      0,
      0,
      0,
      0,
      0,
      0,
      0,
      0,
      0,
      0,
      1,
      0,
      0,
      0,
      0,
      0,
      0,
      0,
      0,
      0,
      0,
      0
    ]
  }
}