{
  "model": "ros_logistic",
  "best_params": {
    "select__k": 30,
    "ros__sampling_strategy": 0.5,
    "clf__solver": "lbfgs",
    "clf__penalty": "l2",
    "clf__class_weight": {
      "0": 1,
      "1": 2
    },
    "clf__C": 0.3
  },
  "oof_threshold_metrics": {
    "threshold": 0.55,
    "f1": 0.549618320610687,
    "balanced_accuracy": 0.7399364827312426,
    "precision": 0.47368421052631576,
    "recall": 0.6545454545454545,
    "confusion_matrix": [
      [
        189,
        40
      ],
      [
        19,
        36
      ]
    ],
    "roc_auc": 0.7806272330289799,
    "pr_auc": 0.44544317364892005
  },
  "holdout_metrics": {
    "threshold": 0.55,
    "roc_auc": 0.7426108374384237,
    "pr_auc": 0.4728510225695522,
    "f1": 0.125,
    "balanced_accuracy": 0.5270935960591133,
    "precision": 0.5,
    "recall": 0.07142857142857142,
    "confusion_matrix": [
      [
        57,
        1
      ],
      [
        13,
        1
      ]
    ],
    "classification_report": {
      "0": {
        "precision": 0.8142857142857143,
        "recall": 0.9827586206896551,
        "f1-score": 0.890625,
        "support": 58.0
      },
      "1": {
        "precision": 0.5,
        "recall": 0.07142857142857142,
        "f1-score": 0.125,
        "support": 14.0
      },
      "accuracy": 0.8055555555555556,
      "macro avg": {
        "precision": 0.6571428571428571,
        "recall": 0.5270935960591133,
        "f1-score": 0.5078125,
        "support": 72.0
      },
      "weighted avg": {
        "precision": 0.7531746031746032,
        "recall": 0.8055555555555556,
        "f1-score": 0.7417534722222222,
        "support": 72.0
      }
    },
    "probabilities": [
      0.2049393913170932,
      0.20146009949836152,
      0.1603660198747521,
      0.11334618654885231,
      0.20031466924424862,
      0.14232441202133655,
      0.10182537199195327,
      0.2570185403300423,
      0.09596717532740313,
      0.2089108813787422,
      0.15712643275608687,
      0.08766170716753828,
      0.394790088238417,
      0.14196010875989198,
      0.28614033319006743,
      0.06309289761269157,
      0.4712776167703062,
      0.15594787812218427,
      0.33632993190731303,
      0.09158802309451645,
      0.19553589686655048,
      0.046468532861679866,
      0.18498474050951313,
      0.17228770315809172,
      0.13453607893404634,
      0.3840868428930369,
      0.1547569991313939,
      0.13352428313246245,
      0.17692608809710864,
      0.1794482722661625,
      0.0739884319568963,
      0.33917769823769206,
      0.07946927181544926,
      0.0738053851334102,
      0.20333528784815352,
      0.07764815829299133,
      0.046491068387790976,
      0.14115258189259375,
      0.26519115348490396,
      0.5572786022901991,
      0.22121604830205524,
      0.1599408119855723,
      0.3698020663877607,
      0.03129329404716156,
      0.11909056884752164,
      0.09610095810348555,
      0.08490091846448192,
      0.18952598167167542,
      0.09170465736688443,
      0.17163061725187229,
      0.05638962715683867,
      0.05826052511963696,
      0.17759196750043685,
      0.14361129058508793,
      0.08718525416111922,
      0.3129698898908605,
      0.031611316018128915,
      0.17745810604550888,
      0.26284031886754444,
      0.5735392843682925,
      0.5051427373881118,
      0.19438703473701552,
      0.06372804935362789,
      0.1299461100422758,
      0.0728552472863814,
      0.08676839216544774,
      0.05987692224121431,
      0.18200613799985896,
      0.13674193134388166,
      0.10495540899822649,
      0.3454538554647456,
      0.216518633831636
    ],
    "predictions": [
      0,
      0,
      0,
      0,
      0,
      0,
      0,
      0,
      0,
      0,
      0,
      0,
      0,
      0,
      0,
      0,
      0,
      0,
      0,
      0,
      0,
      0,
      0,
      0,
      0,
      0,
      0,
      0,
      0,
      0,
      0,
      0,
      0,
      0,
      0,
      0,
      0,
      0,
      0,
      1,
      0,
      0,
      0,
      0,
      0,
      0,
      0,
      0,
      0,
      0,
      0,
      0,
      0,
      0,
      0,
      0,
      0,
      0,
      0,
      1,
      0,
      0,
      0,
      0,
      0,
      0,
      0,
      0,
      0,
      0,
      0,
      0
    ]
  }
}