{
  "model": "logistic",
  "best_params": {
    "select__k": 30,
    "clf__solver": "lbfgs",
    "clf__penalty": "l2",
    "clf__class_weight": {
      "0": 1,
      "1": 3
    },
    "clf__C": 1.0
  },
  "oof_threshold_metrics": {
    "threshold": 0.48,
    "f1": 0.5401459854014599,
    "balanced_accuracy": 0.738110361254466,
    "precision": 0.45121951219512196,
    "recall": 0.6727272727272727,
    "confusion_matrix": [
      [
        184,
        45
      ],
      [
        18,
        37
      ]
    ],
    "roc_auc": 0.7753870583564906,
    "pr_auc": 0.43460137851850367
  },
  "holdout_metrics": {
    "threshold": 0.48,
    "roc_auc": 0.7315270935960592,
    "pr_auc": 0.5099909225086932,
    "f1": 0.23529411764705882,
    "balanced_accuracy": 0.562807881773399,
    "precision": 0.6666666666666666,
    "recall": 0.14285714285714285,
    "confusion_matrix": [
      [
        57,
        1
      ],
      [
        12,
        2
      ]
    ],
    "classification_report": {
      "0": {
        "precision": 0.8260869565217391,
        "recall": 0.9827586206896551,
        "f1-score": 0.8976377952755905,
        "support": 58.0
      },
      "1": {
        "precision": 0.6666666666666666,
        "recall": 0.14285714285714285,
        "f1-score": 0.23529411764705882,
        "support": 14.0
      },
      "accuracy": 0.8194444444444444,
      "macro avg": {
        "precision": 0.7463768115942029,
        "recall": 0.562807881773399,
        "f1-score": 0.5664659564613247,
        "support": 72.0
      },
      "weighted avg": {
        "precision": 0.7950885668276972,
        "recall": 0.8194444444444444,
        "f1-score": 0.7688487468478206,
        "support": 72.0
      }
    },
    "probabilities": [
      0.20876417454842278,
      0.20096004440284743,
      0.15745446065723012,
      0.1146577757276841,
      0.21030532808710029,
      0.1410686567239836,
      0.10470555054213959,
      0.2376755524085933,
      0.11462983911650718,
      0.19986192778300677,
      0.16322773511057517,
      0.09099583917958275,
      0.3938299584102388,
      0.1261032760205562,
      0.28768043429253737,
      0.06785437148874525,
      0.45797171894378924,
      0.16539332125263206,
      0.33071912214637444,
      0.07710620569227213,
      0.2073027739331243,
      0.053465287904677486,
      0.1978821241654292,
      0.17210189018881314,
      0.1421596130911501,
      0.40006835666211443,
      0.15684395627658398,
      0.1371373543642017,
      0.17579043994364948,
      0.18753064224493612,
      0.06754291289840372,
      0.2933210428861884,
      0.07830501085117957,
      0.07400003153568788,
      0.1708254317430995,
      0.08402180957370045,
      0.04995993280487333,
      0.13553887799299247,
      0.21906156060621385,
      0.5035606060429003,
      0.22550598160217789,
      0.16666797306811318,
      0.36895460595607954,
      0.029375432682757892,
      0.11811170454214256,
      0.09429688020973324,
      0.08413638208434149,
      0.185627450494319,
      0.09205626553540835,
      0.17672579344735334,
      0.06308979516975845,
      0.056977564106916526,
      0.17393716554473032,
      0.1402136370020159,
      0.09943415223779231,
      0.30779703477956993,
      0.033685136105010546,
      0.18688402221645198,
      0.25548508934985853,
      0.5385377763241183,
      0.5456998403760729,
      0.2074474298872763,
      0.06767423225049102,
      0.13196172608289533,
      0.07863527255645392,
      0.08726065468991247,
      0.06141807550048721,
      0.17575050589757896,
      0.13246619482884672,
      0.0997895366806157,
      0.3135805510000117,
      0.2255982889106703
    ],
    "predictions": [
      0,
      0,
      0,
      0,
      0,
      0,
      0,
      0,
      0,
      0,
      0,
      0,
      0,
      0,
      0,
      0,
      0,
      0,
      0,
      0,
      0,
      0,
      0,
      0,
      0,
      0,
      0,
      0,
      0,
      0,
      0,
      0,
      0,
      0,
      0,
      0,
      0,
      0,
      0,
      1,
      0,
      0,
      0,
      0,
      0,
      0,
      0,
      0,
      0,
      0,
      0,
      0,
      0,
      0,
      0,
      0,
      0,
      0,
      0,
      1,
      1,
      0,
      0,
      0,
      0,
      0,
      0,
      0,
      0,
      0,
      0,
      0
    ]
  }
}