{
  "seed": 42,
  "best_epoch": 5,
  "best_threshold_from_val": 0.1,
  "train_metrics": {
    "threshold": 0.1,
    "roc_auc": 0.7847118728266269,
    "pr_auc": 0.44065553507231503,
    "f1": 0.3247232472324723,
    "balanced_accuracy": 0.5,
    "precision": 0.19383259911894274,
    "recall": 1.0,
    "confusion_matrix": [
      [
        0,
        183
      ],
      [
        0,
        44
      ]
    ],
    "classification_report": {
      "0.0": {
        "precision": 0.0,
        "recall": 0.0,
        "f1-score": 0.0,
        "support": 183.0
      },
      "1.0": {
        "precision": 0.19383259911894274,
        "recall": 1.0,
        "f1-score": 0.3247232472324723,
        "support": 44.0
      },
      "accuracy": 0.19383259911894274,
      "macro avg": {
        "precision": 0.09691629955947137,
        "recall": 0.5,
        "f1-score": 0.16236162361623616,
        "support": 227.0
      },
      "weighted avg": {
        "precision": 0.03757107648120476,
        "recall": 0.19383259911894274,
        "f1-score": 0.06294195100541314,
        "support": 227.0
      }
    },
    "predictions": [
      1,
      1,
      1,
      1,
      1,
      1,
      1,
      1,
      1,
      1,
      1,
      1,
      1,
      1,
      1,
      1,
      1,
      1,
      1,
      1,
      1,
      1,
      1,
      1,
      1,
      1,
      1,
      1,
      1,
      1,
      1,
      1,
      1,
      1,
      1,
      1,
      1,
      1,
      1,
      1,
      1,
      1,
      1,
      1,
      1,
      1,
      1,
      1,
      1,
      1,
      1,
      1,
      1,
      1,
      1,
      1,
      1,
      1,
      1,
      1,
      1,
      1,
      1,
      1,
      1,
      1,
      1,
      1,
      1,
      1,
      1,
      1,
      1,
      1,
      1,
      1,
      1,
      1,
      1,
      1,
      1,
      1,
      1,
      1,
      1,
      1,
      1,
      1,
      1,
      1,
      1,
      1,
      1,
      1,
      1,
      1,
      1,
      1,
      1,
      1,
      1,
      1,
      1,
      1,
      1,
      1,
      1,
      1,
      1,
      1,
      1,
      1,
      1,
      1,
      1,
      1,
      1,
      1,
      1,
      1,
      1,
      1,
      1,
      1,
      1,
      1,
      1,
      1,
      1,
      1,
      1,
      1,
      1,
      1,
      1,
      1,
      1,
      1,
      1,
      1,
      1,
      1,
      1,
      1,
      1,
      1,
      1,
      1,
      1,
      1,
      1,
      1,
      1,
      1,
      1,
      1,
      1,
      1,
      1,
      1,
      1,
      1,
      1,
      1,
      1,
      1,
      1,
      1,
      1,
      1,
      1,
      1,
      1,
      1,
      1,
      1,
      1,
      1,
      1,
      1,
      1,
      1,
      1,
      1,
      1,
      1,
      1,
      1,
      1,
      1,
      1,
      1,
      1,
      1,
      1,
      1,
      1,
      1,
      1,
      1,
      1,
      1,
      1,
      1,
      1,
      1,
      1,
      1,
      1,
      1,
      1,
      1,
      1,
      1,
      1,
      1,
      1,
      1,
      1,
      1,
      1,
      1,
      1,
      1,
      1,
      1,
      1
    ],
    "probabilities": [
      0.3545815944671631,
      0.35452449321746826,
      0.3546011745929718,
      0.354425847530365,
      0.35454171895980835,
      0.35463935136795044,
      0.3544948697090149,
      0.3544812500476837,
      0.354570209980011,
      0.3545779287815094,
      0.3545302450656891,
      0.3544703722000122,
      0.3545626103878021,
      0.35460323095321655,
      0.3545614778995514,
      0.35464587807655334,
      0.35446831583976746,
      0.3544938862323761,
      0.354612797498703,
      0.35463669896125793,
      0.3545331060886383,
      0.354560911655426,
      0.35457050800323486,
      0.35444509983062744,
      0.3545607328414917,
      0.3543705940246582,
      0.35463598370552063,
      0.35463857650756836,
      0.354532390832901,
      0.35448983311653137,
      0.35460683703422546,
      0.3544829785823822,
      0.35455551743507385,
      0.3545796275138855,
      0.3545881509780884,
      0.35450777411460876,
      0.354531466960907,
      0.3544761836528778,
      0.3545033037662506,
      0.3545360565185547,
      0.35458970069885254,
      0.354610413312912,
      0.35458478331565857,
      0.35460108518600464,
      0.354467511177063,
      0.35447654128074646,
      0.3545161485671997,
      0.3544518053531647,
      0.3545030653476715,
      0.4636650085449219,
      0.3544463515281677,
      0.35456493496894836,
      0.35456475615501404,
      0.35458484292030334,
      0.3546448051929474,
      0.354612797498703,
      0.3545701801776886,
      0.3545817732810974,
      0.3545331060886383,
      0.3545472025871277,
      0.3546100854873657,
      0.3546180725097656,
      0.35446012020111084,
      0.354604035615921,
      0.35456931591033936,
      0.35469284653663635,
      0.35455480217933655,
      0.3544297516345978,
      0.3545459508895874,
      0.3545292019844055,
      0.35452017188072205,
      0.35456621646881104,
      0.3546544313430786,
      0.3546290993690491,
      0.3543568551540375,
      0.35457536578178406,
      0.35456275939941406,
      0.3546253442764282,
      0.35440248250961304,
      0.3545140027999878,
      0.35462135076522827,
      0.3544577360153198,
      0.35449206829071045,
      0.3545275032520294,
      0.35455456376075745,
      0.35459616780281067,
      0.35462963581085205,
      0.354570209980011,
      0.35432130098342896,
      0.3545939326286316,
      0.3544292151927948,
      0.3544921278953552,
      0.3544100224971771,
      0.35452961921691895,
      0.35447996854782104,
      0.35422825813293457,
      0.3545808494091034,
      0.3547082841396332,
      0.35468602180480957,
      0.3545176386833191,
      0.35452139377593994,
      0.3545580804347992,
      0.35458365082740784,
      0.35457831621170044,
      0.35457083582878113,
      0.35429486632347107,
      0.3545588254928589,
      0.3545581102371216,
      0.35453274846076965,
      0.35446983575820923,
      0.3546682894229889,
      0.3545982241630554,
      0.3544006645679474,
      0.3545597195625305,
      0.35460686683654785,
      0.35460224747657776,
      0.35453492403030396,
      0.35458865761756897,
      0.35446861386299133,
      0.35439392924308777,
      0.354572594165802,
      0.3545010983943939,
      0.3545054793357849,
      0.3545588254928589,
      0.35461458563804626,
      0.35458341240882874,
      0.3545422852039337,
      0.3544054925441742,
      0.3545149564743042,
      0.3545304238796234,
      0.35443758964538574,
      0.3545418083667755,
      0.35454949736595154,
      0.35455581545829773,
      0.35448890924453735,
      0.3545951247215271,
      0.35458484292030334,
      0.35447779297828674,
      0.3545991778373718,
      0.354513555765152,
      0.3546157479286194,
      0.35448452830314636,
      0.3545192778110504,
      0.35461512207984924,
      0.35459792613983154,
      0.3546019494533539,
      0.3546208441257477,
      0.35451751947402954,
      0.3544263243675232,
      0.35455575585365295,
      0.3545409142971039,
      0.35456582903862,
      0.35452553629875183,
      0.3546616733074188,
      0.3546394109725952,
      0.35458245873451233,
      0.35451191663742065,
      0.3544905185699463,
      0.3544371724128723,
      0.3545108735561371,
      0.35459911823272705,
      0.35453736782073975,
      0.35427287220954895,
      0.3545869290828705,
      0.3545139729976654,
      0.35455232858657837,
      0.3545868694782257,
      0.35453060269355774,
      0.3544783294200897,
      0.35448384284973145,
      0.3544405996799469,
      0.35454294085502625,
      0.35445743799209595,
      0.35458388924598694,
      0.35447654128074646,
      0.3544536530971527,
      0.3545632064342499,
      0.3545266091823578,
      0.3543345034122467,
      0.3545543849468231,
      0.3546496629714966,
      0.3545467257499695,
