{
  "seed": 2026,
  "best_epoch": 7,
  "best_threshold_from_val": 0.1,
  "train_metrics": {
    "threshold": 0.1,
    "roc_auc": 0.782973174366617,
    "pr_auc": 0.4742056175835639,
    "f1": 0.3247232472324723,
    "balanced_accuracy": 0.5,
    "precision": 0.19383259911894274,
    "recall": 1.0,
    "confusion_matrix": [
      [
        0,
        183
      ],
      [
        0,
        44
      ]
    ],
    "classification_report": {
      "0.0": {
        "precision": 0.0,
        "recall": 0.0,
        "f1-score": 0.0,
        "support": 183.0
      },
      "1.0": {
        "precision": 0.19383259911894274,
        "recall": 1.0,
        "f1-score": 0.3247232472324723,
        "support": 44.0
      },
      "accuracy": 0.19383259911894274,
      "macro avg": {
        "precision": 0.09691629955947137,
        "recall": 0.5,
        "f1-score": 0.16236162361623616,
        "support": 227.0
      },
      "weighted avg": {
        "precision": 0.03757107648120476,
        "recall": 0.19383259911894274,
        "f1-score": 0.06294195100541314,
        "support": 227.0
      }
    },
    "predictions": [
      1,
      1,
      1,
      1,
      1,
      1,
      1,
      1,
      1,
      1,
      1,
      1,
      1,
      1,
      1,
      1,
      1,
      1,
      1,
      1,
      1,
      1,
      1,
      1,
      1,
      1,
      1,
      1,
      1,
      1,
      1,
      1,
      1,
      1,
      1,
      1,
      1,
      1,
      1,
      1,
      1,
      1,
      1,
      1,
      1,
      1,
      1,
      1,
      1,
      1,
      1,
      1,
      1,
      1,
      1,
      1,
      1,
      1,
      1,
      1,
      1,
      1,
      1,
      1,
      1,
      1,
      1,
      1,
      1,
      1,
      1,
      1,
      1,
      1,
      1,
      1,
      1,
      1,
      1,
      1,
      1,
      1,
      1,
      1,
      1,
      1,
      1,
      1,
      1,
      1,
      1,
      1,
      1,
      1,
      1,
      1,
      1,
      1,
      1,
      1,
      1,
      1,
      1,
      1,
      1,
      1,
      1,
      1,
      1,
      1,
      1,
      1,
      1,
      1,
      1,
      1,
      1,
      1,
      1,
      1,
      1,
      1,
      1,
      1,
      1,
      1,
      1,
      1,
      1,
      1,
      1,
      1,
      1,
      1,
      1,
      1,
      1,
      1,
      1,
      1,
      1,
      1,
      1,
      1,
      1,
      1,
      1,
      1,
      1,
      1,
      1,
      1,
      1,
      1,
      1,
      1,
      1,
      1,
      1,
      1,
      1,
      1,
      1,
      1,
      1,
      1,
      1,
      1,
      1,
      1,
      1,
      1,
      1,
      1,
      1,
      1,
      1,
      1,
      1,
      1,
      1,
      1,
      1,
      1,
      1,
      1,
      1,
      1,
      1,
      1,
      1,
      1,
      1,
      1,
      1,
      1,
      1,
      1,
      1,
      1,
      1,
      1,
      1,
      1,
      1,
      1,
      1,
      1,
      1,
      1,
      1,
      1,
      1,
      1,
      1,
      1,
      1,
      1,
      1,
      1,
      1,
      1,
      1,
      1,
      1,
      1,
      1
    ],
    "probabilities": [
      0.4012617766857147,
      0.4012816250324249,
      0.4013395309448242,
      0.4012085199356079,
      0.40139469504356384,
      0.40131157636642456,
      0.4014570713043213,
      0.401387482881546,
      0.4014032185077667,
      0.401244193315506,
      0.4014749825000763,
      0.401322603225708,
      0.40157365798950195,
      0.4011259078979492,
      0.40147823095321655,
      0.40135279297828674,
      0.40138769149780273,
      0.4014226198196411,
      0.40105339884757996,
      0.4011709690093994,
      0.40155357122421265,
      0.40134134888648987,
      0.40164023637771606,
      0.4011847972869873,
      0.4013541042804718,
      0.4014781415462494,
      0.40129926800727844,
      0.4012148082256317,
      0.4014638364315033,
      0.40149733424186707,
      0.40118077397346497,
      0.4014780819416046,
      0.401477187871933,
      0.40147706866264343,
      0.4015122056007385,
      0.4013100564479828,
      0.40142181515693665,
      0.4014122188091278,
      0.40130743384361267,
      0.40150147676467896,
      0.40128302574157715,
      0.40142562985420227,
      0.40156710147857666,
      0.40127888321876526,
      0.4011668264865875,
      0.4013582766056061,
      0.40134844183921814,
      0.40120774507522583,
      0.40139180421829224,
      0.40133899450302124,
      0.40124747157096863,
      0.40131983160972595,
      0.401056706905365,
      0.40140095353126526,
      0.4012751579284668,
      0.4016150236129761,
      0.40117955207824707,
      0.4015187621116638,
      0.40150028467178345,
      0.40128934383392334,
      0.4013143479824066,
      0.40153229236602783,
      0.4014427959918976,
      0.4014427959918976,
      0.4014061391353607,
      0.40147531032562256,
      0.401337593793869,
      0.40142595767974854,
      0.40133795142173767,
      0.4013832211494446,
      0.4013787508010864,
      0.4013529419898987,
      0.40141627192497253,
      0.4013376235961914,
      0.4015289843082428,
      0.40145570039749146,
      0.40133222937583923,
      0.401325523853302,
      0.4012233316898346,
      0.401387095451355,
      0.4014187157154083,
      0.9999969005584717,
      0.4013446867465973,
      0.4012116491794586,
      0.4013444781303406,
      0.40139511227607727,
      0.4013020098209381,
      0.40132105350494385,
      0.40149858593940735,
      0.40143123269081116,
      0.40138131380081177,
      0.4012615978717804,
      0.4013184905052185,
      0.4013281464576721,
      0.40150073170661926,
      0.4014478623867035,
      0.40141263604164124,
      0.40127602219581604,
      0.40147271752357483,
      0.40149205923080444,
      0.40126991271972656,
      0.40139341354370117,
      0.40136727690696716,
      0.40142664313316345,
      0.40144267678260803,
      0.40147286653518677,
      0.40120965242385864,
      0.4014306366443634,
      0.4014241695404053,
      0.40140998363494873,
      0.40155333280563354,
      0.40141627192497253,
      0.4012634754180908,
      0.40118345618247986,
      0.40148958563804626,
      0.4014187455177307,
      0.40142151713371277,
      0.40119603276252747,
      0.40151599049568176,
      0.4013788402080536,
      0.40147268772125244,
      0.4014834463596344,
      0.40133047103881836,
      0.40149906277656555,
      0.4015394151210785,
      0.40137168765068054,
      0.4013685882091522,
      0.4011523425579071,
      0.4012908637523651,
      0.4012940227985382,
      0.40115422010421753,
      0.4014981985092163,
      0.40128928422927856,
      0.401277095079422,
      0.40128180384635925,
      0.4014226198196411,
      0.40129411220550537,
      0.40131258964538574,
      0.40139511227607727,
      0.4013293981552124,
      0.4013306200504303,
      0.4014393389225006,
      0.40126797556877136,
      0.4012196362018585,
      0.4013037085533142,
      0.4012829065322876,
      0.40145617723464966,
      0.4012606739997864,
      0.4013957977294922,
      0.4013098180294037,
      0.401477187871933,
      0.40140029788017273,
      0.40154436230659485,
      0.4013819694519043,
      0.4013459384441376,
      0.4013058543205261,
      0.40133893489837646,
      0.4013320803642273,
      0.40113744139671326,
      0.40154698491096497,
      0.40129339694976807,
      0.40141060948371887,
      0.4014766812324524,
      0.40131741762161255,
      0.401381254196167,
      0.4014447033405304,
      0.4015134572982788,
      0.4014037251472473,
      0.40149450302124023,
      0.40131625533103943,
      0.4012865424156189,
      0.4013129770755768,
      0.4012726843357086,
      0.40129029750823975,
      0.4013492166996002,
      0.401455283164978,
      0.40122509002685547,
      0.40130481123924255,
      0.40152961015701294,
      0.40135401487350464,
      0.4013036787509918,
