{
  "seed": 123,
  "best_epoch": 5,
  "best_threshold_from_val": 0.1,
  "train_metrics": {
    "threshold": 0.1,
    "roc_auc": 0.7070293094883259,
    "pr_auc": 0.3683605166810913,
    "f1": 0.3247232472324723,
    "balanced_accuracy": 0.5,
    "precision": 0.19383259911894274,
    "recall": 1.0,
    "confusion_matrix": [
      [
        0,
        183
      ],
      [
        0,
        44
      ]
    ],
    "classification_report": {
      "0.0": {
        "precision": 0.0,
        "recall": 0.0,
        "f1-score": 0.0,
        "support": 183.0
      },
      "1.0": {
        "precision": 0.19383259911894274,
        "recall": 1.0,
        "f1-score": 0.3247232472324723,
        "support": 44.0
      },
      "accuracy": 0.19383259911894274,
      "macro avg": {
        "precision": 0.09691629955947137,
        "recall": 0.5,
        "f1-score": 0.16236162361623616,
        "support": 227.0
      },
      "weighted avg": {
        "precision": 0.03757107648120476,
        "recall": 0.19383259911894274,
        "f1-score": 0.06294195100541314,
        "support": 227.0
      }
    },
    "predictions": [
      1,
      1,
      1,
      1,
      1,
      1,
      1,
      1,
      1,
      1,
      1,
      1,
      1,
      1,
      1,
      1,
      1,
      1,
      1,
      1,
      1,
      1,
      1,
      1,
      1,
      1,
      1,
      1,
      1,
      1,
      1,
      1,
      1,
      1,
      1,
      1,
      1,
      1,
      1,
      1,
      1,
      1,
      1,
      1,
      1,
      1,
      1,
      1,
      1,
      1,
      1,
      1,
      1,
      1,
      1,
      1,
      1,
      1,
      1,
      1,
      1,
      1,
      1,
      1,
      1,
      1,
      1,
      1,
      1,
      1,
      1,
      1,
      1,
      1,
      1,
      1,
      1,
      1,
      1,
      1,
      1,
      1,
      1,
      1,
      1,
      1,
      1,
      1,
      1,
      1,
      1,
      1,
      1,
      1,
      1,
      1,
      1,
      1,
      1,
      1,
      1,
      1,
      1,
      1,
      1,
      1,
      1,
      1,
      1,
      1,
      1,
      1,
      1,
      1,
      1,
      1,
      1,
      1,
      1,
      1,
      1,
      1,
      1,
      1,
      1,
      1,
      1,
      1,
      1,
      1,
      1,
      1,
      1,
      1,
      1,
      1,
      1,
      1,
      1,
      1,
      1,
      1,
      1,
      1,
      1,
      1,
      1,
      1,
      1,
      1,
      1,
      1,
      1,
      1,
      1,
      1,
      1,
      1,
      1,
      1,
      1,
      1,
      1,
      1,
      1,
      1,
      1,
      1,
      1,
      1,
      1,
      1,
      1,
      1,
      1,
      1,
      1,
      1,
      1,
      1,
      1,
      1,
      1,
      1,
      1,
      1,
      1,
      1,
      1,
      1,
      1,
      1,
      1,
      1,
      1,
      1,
      1,
      1,
      1,
      1,
      1,
      1,
      1,
      1,
      1,
      1,
      1,
      1,
      1,
      1,
      1,
      1,
      1,
      1,
      1,
      1,
      1,
      1,
      1,
      1,
      1,
      1,
      1,
      1,
      1,
      1,
      1
    ],
    "probabilities": [
      0.39171966910362244,
      0.39179396629333496,
      0.39188480377197266,
      0.39174410700798035,
      0.391846239566803,
      0.3918587565422058,
      0.3918924629688263,
      0.3919079601764679,
      0.3918856978416443,
      0.39192327857017517,
      0.391863614320755,
      0.3917512595653534,
      0.39183685183525085,
      0.39194121956825256,
      0.39178064465522766,
      0.3918811082839966,
      0.3919141888618469,
      0.3917580246925354,
      0.39191192388534546,
      0.3917698860168457,
      0.3918599486351013,
      0.3919108211994171,
      0.3917864263057709,
      0.3917715847492218,
      0.3918629288673401,
      0.39186540246009827,
      0.39186906814575195,
      0.39178648591041565,
      0.3918684124946594,
      0.39187660813331604,
      0.3918394446372986,
      0.39185699820518494,
      0.3918251395225525,
      0.3918805718421936,
      0.39191433787345886,
      0.3918892741203308,
      0.39192771911621094,
      0.3918531835079193,
      0.39178040623664856,
      0.3919302225112915,
      0.39188966155052185,
      0.39183077216148376,
      0.39185699820518494,
      0.39185571670532227,
      0.39189910888671875,
      0.39180028438568115,
      0.39183589816093445,
      0.3918550908565521,
      0.39181920886039734,
      0.3917754888534546,
      0.3918917775154114,
      0.39179185032844543,
      0.3917798697948456,
      0.39192232489585876,
      0.3918895721435547,
      0.3918587565422058,
      0.3918898105621338,
      0.39182916283607483,
      0.3918570578098297,
      0.3918229341506958,
      0.3917236924171448,
      0.391848087310791,
      0.39185830950737,
      0.39185041189193726,
      0.39189207553863525,
      0.39183077216148376,
      0.39187726378440857,
      0.3918693959712982,
      0.39183253049850464,
      0.39193132519721985,
      0.391796350479126,
      0.3918668031692505,
      0.3918156921863556,
      0.39186936616897583,
      0.3917328417301178,
      0.3919602334499359,
      0.39176511764526367,
      0.39184457063674927,
      0.39185473322868347,
      0.3918607532978058,
      0.3918682634830475,
      0.39180636405944824,
      0.39179983735084534,
      0.3919169008731842,
      0.3918848931789398,
      0.3919541835784912,
      0.3918805420398712,
      0.39183688163757324,
      0.3917849063873291,
      0.3918919265270233,
      0.3918313980102539,
      0.3918621242046356,
      0.3918927311897278,
      0.3918217420578003,
      0.3918795883655548,
      0.39179810881614685,
      0.391939640045166,
      0.39191535115242004,
      0.3918170928955078,
      0.39200037717819214,
      0.391812264919281,
      0.39191001653671265,
      0.3918212652206421,
      0.3919300138950348,
      0.39186638593673706,
      0.3918752372264862,
      0.3919059932231903,
      0.39186275005340576,
      0.3918278217315674,
      0.39192041754722595,
      0.39185017347335815,
      0.3917948007583618,
      0.3918570876121521,
      0.39187589287757874,
      0.39169201254844666,
      0.39188525080680847,
      0.39185208082199097,
      0.39187532663345337,
      0.39188823103904724,
      0.3918550908565521,
      0.3917909562587738,
      0.3918803632259369,
      0.39185136556625366,
      0.39178210496902466,
      0.3917948305606842,
      0.3918811082839966,
      0.39191147685050964,
      0.3918896019458771,
      0.3918437361717224,
      0.39189857244491577,
      0.39190369844436646,
      0.39187145233154297,
      0.3918848931789398,
      0.39180389046669006,
      0.39179161190986633,
      0.39170029759407043,
      0.3918265104293823,
      0.391845166683197,
      0.39183205366134644,
      0.3918668329715729,
      0.3918684720993042,
      0.3918605148792267,
      0.39183470606803894,
      0.39193403720855713,
      0.39188534021377563,
      0.39187461137771606,
      0.3918312191963196,
      0.3918355405330658,
      0.3917984664440155,
      0.3919339179992676,
      0.3918759524822235,
      0.3918507695198059,
      0.39188894629478455,
      0.3919254541397095,
      0.3918534517288208,
      0.39185553789138794,
      0.391885906457901,
      0.3918418288230896,
      0.39196011424064636,
      0.3918803632259369,
      0.3918430805206299,
      0.9102283716201782,
      0.39190369844436646,
      0.39188846945762634,
      0.39174067974090576,
      0.3918209671974182,
      0.39188480377197266,
      0.3919122815132141,
      0.3919283151626587,
      0.391840398311615,
      0.39184504747390747,
      0.3918662667274475,
      0.3918188810348511,
      0.39181700348854065,
      0.39187091588974,
      0.39193204045295715,
      0.3919301927089691,
      0.39191699028015137,
      0.3918197751045227,
      0.3917742967605591,
      0.39194610714912415,
      0.3917366564273834,
