{
  "seed": 123,
  "best_epoch": 24,
  "best_threshold_from_val": 0.48,
  "train_metrics": {
    "threshold": 0.48,
    "roc_auc": 0.9959016393442622,
    "pr_auc": 0.9834089917390616,
    "f1": 0.9333333333333333,
    "balanced_accuracy": 0.9663437655240934,
    "precision": 0.9130434782608695,
    "recall": 0.9545454545454546,
    "confusion_matrix": [
      [
        179,
        4
      ],
      [
        2,
        42
      ]
    ],
    "classification_report": {
      "0.0": {
        "precision": 0.988950276243094,
        "recall": 0.9781420765027322,
        "f1-score": 0.9835164835164835,
        "support": 183.0
      },
      "1.0": {
        "precision": 0.9130434782608695,
        "recall": 0.9545454545454546,
        "f1-score": 0.9333333333333333,
        "support": 44.0
      },
      "accuracy": 0.973568281938326,
      "macro avg": {
        "precision": 0.9509968772519817,
        "recall": 0.9663437655240934,
        "f1-score": 0.9584249084249084,
        "support": 227.0
      },
      "weighted avg": {
        "precision": 0.9742370642994029,
        "recall": 0.973568281938326,
        "f1-score": 0.9737893530845072,
        "support": 227.0
      }
    },
    "predictions": [
      0,
      0,
      0,
      0,
      1,
      0,
      0,
      0,
      0,
      0,
      0,
      0,
      0,
      0,
      0,
      0,
      1,
      0,
      0,
      0,
      0,
      0,
      1,
      0,
      1,
      0,
      0,
      0,
      0,
      1,
      1,
      0,
      0,
      1,
      0,
      0,
      0,
      0,
      0,
      1,
      0,
      0,
      1,
      0,
      0,
      0,
      0,
      0,
      0,
      0,
      0,
      1,
      0,
      1,
      0,
      0,
      0,
      0,
      1,
      0,
      0,
      0,
      0,
      0,
      0,
      0,
      0,
      1,
      1,
      0,
      0,
      0,
      1,
      0,
      0,
      0,
      1,
      0,
      1,
      1,
      0,
      1,
      0,
      1,
      1,
      0,
      0,
      0,
      1,
      0,
      0,
      0,
      1,
      0,
      1,
      0,
      0,
      0,
      0,
      1,
      0,
      0,
      1,
      0,
      1,
      0,
      1,
      0,
      0,
      0,
      0,
      0,
      0,
      0,
      0,
      0,
      0,
      0,
      0,
      0,
      0,
      0,
      0,
      1,
      0,
      0,
      0,
      0,
      0,
      0,
      0,
      0,
      0,
      0,
      0,
      1,
      0,
      0,
      0,
      0,
      1,
      0,
      0,
      0,
      0,
      1,
      1,
      0,
      0,
      0,
      0,
      1,
      0,
      0,
      0,
      0,
      0,
      0,
      0,
      1,
      1,
      0,
      0,
      0,
      0,
      0,
      0,
      0,
      0,
      0,
      0,
      1,
      0,
      0,
      0,
      0,
      0,
      0,
      0,
      0,
      0,
      0,
      0,
      0,
      0,
      0,
      0,
      0,
      0,
      1,
      0,
      0,
      0,
      0,
      0,
      0,
      1,
      1,
      0,
      0,
      0,
      0,
      0,
      0,
      0,
      1,
      0,
      0,
      1,
      1,
      1,
      0,
      0,
      0,
      0,
      0,
      0,
      0,
      0,
      0,
      0,
      0,
      0,
      0,
      1,
      0,
      1
    ],
    "probabilities": [
      0.03683317080140114,
      0.021332118660211563,
      0.04663160443305969,
      0.006575615145266056,
      0.8589000701904297,
      0.018518546596169472,
      0.10613834112882614,
      0.027209358289837837,
      0.007611453533172607,
      0.36631646752357483,
      0.3911334276199341,
      0.03798852115869522,
      0.004274070728570223,
      0.031047925353050232,
      0.05296250432729721,
      0.0371934249997139,
      0.9808247685432434,
      0.05257358402013779,
      0.010342223569750786,
      0.09678217023611069,
      0.011955092661082745,
      0.12262939661741257,
      0.5294111371040344,
      0.09301172196865082,
      0.8588027358055115,
      0.025903411209583282,
      0.09375560283660889,
      0.02288397029042244,
      0.29148364067077637,
      0.9415058493614197,
      0.7501528859138489,
      0.0643821656703949,
      0.030448459088802338,
      0.699811577796936,
      0.043908409774303436,
      0.030016327276825905,
      0.03982751443982124,
      0.017224090173840523,
      0.0305353831499815,
      0.9475077986717224,
      0.005842300597578287,
      0.03884322568774223,
      0.9129063487052917,
      0.14650633931159973,
      0.023752978071570396,
      0.2577698826789856,
      0.22922657430171967,
      0.011857963167130947,
      0.03287455812096596,
      0.01914638839662075,
      0.08352885395288467,
      0.985077440738678,
      0.08830650895833969,
      0.9881276488304138,
      0.024967234581708908,
      0.04206738993525505,
      0.014841427095234394,
      0.2156495749950409,
      0.9544690251350403,
      0.08742235600948334,
      0.012950780801475048,
      0.053898073732852936,
      0.10613834112882614,
      0.08185237646102905,
      0.04752444848418236,
      0.008074016310274601,
      0.21180491149425507,
      0.6391593217849731,
      0.8402946591377258,
      0.09206649661064148,
      0.09667261689901352,
      0.028327176347374916,
      0.9846022129058838,
      0.022788232192397118,
      0.01554227713495493,
      0.03228763863444328,
      0.7111952900886536,
      0.12825319170951843,
      0.8883039951324463,
      0.9973607659339905,
      0.04756889119744301,
      0.9932934045791626,
      0.03100033663213253,
      0.5310023427009583,
      0.9831027388572693,
      0.030016327276825905,
      0.004792599007487297,
      0.07536018639802933,
      0.9731056094169617,
      0.026980360969901085,
      0.03233537822961807,
      0.007716083433479071,
      0.9945358037948608,
      0.015246066264808178,
      0.989794135093689,
      0.05274816229939461,
      0.0049917008727788925,
      0.011624602600932121,
      0.013232282362878323,
      0.6707730889320374,
      0.013240671716630459,
      0.005739063955843449,
      0.9999998807907104,
      0.006966846063733101,
      0.9237294793128967,
      0.0012039566645398736,
      0.7536343932151794,
      0.007507709786295891,
      0.11126735806465149,
      0.016523953527212143,
      0.10108710825443268,
      0.014256595633924007,
      0.12888145446777344,
      0.20974598824977875,
      0.03448304161429405,
      0.09650762379169464,
      0.32560044527053833,
      0.034856438636779785,
      0.1472824513912201,
      0.08757327497005463,
      0.0179483313113451,
      0.08999225497245789,
      0.0247538760304451,
      0.9755250215530396,
      0.02201819233596325,
      0.020058713853359222,
      0.21895486116409302,
      0.059147659689188004,
      0.1203925758600235,
      0.00777646666392684,
      0.15685953199863434,
      0.033390749245882034,
      0.059602659195661545,
      0.13192370533943176,
      0.15809297561645508,
      0.7304900884628296,
      0.03423643857240677,
      0.10278701037168503,
      0.08687322586774826,
      0.16273440420627594,
      0.8141446113586426,
      0.05990828946232796,
      0.04221393167972565,
      0.0068927546963095665,
      0.05938690900802612,
      0.9302401542663574,
      0.9909347891807556,
      0.01633099466562271,
      0.21521733701229095,
      0.014831976033747196,
      0.03523784875869751,
      0.9201038479804993,
      0.013530933298170567,
      0.011624602600932121,
      0.10205782949924469,
      0.1503344625234604,
      0.2375701516866684,
      0.4373500347137451,
      0.012173335067927837,
      0.971027672290802,
      0.8402946591377258,
      0.009442152455449104,
      0.015235431492328644,
      0.17240168154239655,
      0.017233997583389282,
      0.043524712324142456,
      0.07714206725358963,
      0.006345956586301327,
      0.05001847445964813,
      0.004379612393677235,
      0.14745691418647766,
      0.9566323757171631,
      0.12958624958992004,
      0.029872769489884377,
