{
  "seed": 2026,
  "best_epoch": 6,
  "best_threshold_from_val": 0.42,
  "train_metrics": {
    "threshold": 0.42,
    "roc_auc": 0.891952309985097,
    "pr_auc": 0.7891208908363324,
    "f1": 0.7058823529411765,
    "balanced_accuracy": 0.8108544461003477,
    "precision": 0.7317073170731707,
    "recall": 0.6818181818181818,
    "confusion_matrix": [
      [
        172,
        11
      ],
      [
        14,
        30
      ]
    ],
    "classification_report": {
      "0.0": {
        "precision": 0.9247311827956989,
        "recall": 0.9398907103825137,
        "f1-score": 0.9322493224932249,
        "support": 183.0
      },
      "1.0": {
        "precision": 0.7317073170731707,
        "recall": 0.6818181818181818,
        "f1-score": 0.7058823529411765,
        "support": 44.0
      },
      "accuracy": 0.8898678414096917,
      "macro avg": {
        "precision": 0.8282192499344347,
        "recall": 0.8108544461003477,
        "f1-score": 0.8190658377172007,
        "support": 227.0
      },
      "weighted avg": {
        "precision": 0.8873168652107154,
        "recall": 0.8898678414096917,
        "f1-score": 0.8883720244302727,
        "support": 227.0
      }
    },
    "predictions": [
      0,
      0,
      0,
      0,
      0,
      0,
      1,
      1,
      0,
      0,
      1,
      1,
      0,
      0,
      0,
      0,
      1,
      1,
      0,
      0,
      0,
      0,
      0,
      0,
      0,
      0,
      0,
      0,
      0,
      0,
      0,
      0,
      0,
      0,
      0,
      0,
      0,
      0,
      0,
      0,
      0,
      0,
      0,
      0,
      1,
      0,
      0,
      1,
      1,
      0,
      0,
      0,
      0,
      0,
      0,
      0,
      0,
      0,
      0,
      0,
      0,
      0,
      1,
      0,
      0,
      0,
      0,
      0,
      0,
      0,
      0,
      0,
      0,
      1,
      1,
      0,
      0,
      0,
      1,
      1,
      0,
      0,
      0,
      0,
      0,
      0,
      0,
      0,
      1,
      0,
      0,
      0,
      0,
      0,
      0,
      0,
      0,
      1,
      1,
      0,
      0,
      0,
      0,
      1,
      0,
      0,
      0,
      0,
      0,
      0,
      0,
      1,
      0,
      0,
      0,
      0,
      0,
      0,
      1,
      0,
      0,
      1,
      0,
      0,
      0,
      0,
      0,
      0,
      0,
      0,
      0,
      1,
      0,
      1,
      0,
      0,
      1,
      0,
      1,
      0,
      0,
      0,
      1,
      1,
      0,
      0,
      1,
      0,
      0,
      0,
      0,
      1,
      0,
      0,
      1,
      0,
      0,
      0,
      0,
      0,
      1,
      0,
      0,
      0,
      0,
      0,
      1,
      0,
      0,
      0,
      0,
      0,
      0,
      0,
      0,
      0,
      0,
      0,
      0,
      0,
      0,
      0,
      0,
      0,
      0,
      0,
      0,
      0,
      0,
      0,
      0,
      0,
      1,
      0,
      0,
      0,
      0,
      0,
      0,
      0,
      0,
      0,
      0,
      0,
      1,
      1,
      0,
      0,
      1,
      0,
      0,
      0,
      0,
      0,
      1,
      0,
      0,
      0,
      1,
      0,
      0,
      0,
      0,
      1,
      0,
      1,
      1
    ],
    "probabilities": [
      0.36442676186561584,
      0.24348747730255127,
      0.26990318298339844,
      0.1810634732246399,
      0.2987893223762512,
      0.40807631611824036,
      0.4549608528614044,
      0.48425593972206116,
      0.4087953567504883,
      0.3580901026725769,
      0.5349785685539246,
      0.5001150369644165,
      0.28053244948387146,
      0.328963041305542,
      0.24595575034618378,
      0.17643921077251434,
      0.4245593249797821,
      0.4581041932106018,
      0.36102890968322754,
      0.14945513010025024,
      0.384840190410614,
      0.2438448965549469,
      0.34868815541267395,
      0.20030651986598969,
      0.4035167396068573,
      0.3129015266895294,
      0.3600463271141052,
      0.31920191645622253,
      0.37564027309417725,
      0.4033048152923584,
      0.1335466504096985,
      0.1367863267660141,
      0.37000200152397156,
      0.1332101970911026,
      0.22537711262702942,
      0.08417652547359467,
      0.2825414538383484,
      0.18955078721046448,
      0.15273535251617432,
      0.2487153261899948,
      0.24102197587490082,
      0.229960635304451,
      0.3229352831840515,
      0.36060652136802673,
      0.4655260443687439,
      0.16323919594287872,
      0.361492782831192,
      0.6326125264167786,
      0.45853009819984436,
      0.3728218078613281,
      0.1933583915233612,
      0.2328418493270874,
      0.3210490047931671,
      0.16808246076107025,
      0.27140283584594727,
      0.17597685754299164,
      0.2741908133029938,
      0.3895522356033325,
      0.2531355023384094,
      0.14395961165428162,
      0.3475140929222107,
      0.17539502680301666,
      0.5271597504615784,
      0.18284066021442413,
      0.3378976881504059,
      0.3096356689929962,
      0.2826911509037018,
      0.165141299366951,
      0.3083241581916809,
      0.3533325493335724,
      0.19134581089019775,
      0.3796923756599426,
      0.3934761583805084,
      0.4281168580055237,
      0.4697338044643402,
      0.1282053142786026,
      0.40363970398902893,
      0.4171041250228882,
      0.4309256970882416,
      0.4774928092956543,
      0.18545041978359222,
      0.23471076786518097,
      0.16346976161003113,
      0.3478878140449524,
      0.34130117297172546,
      0.27107781171798706,
      0.2917095124721527,
      0.30973657965660095,
      0.4773831367492676,
      0.3906124532222748,
      0.2753036320209503,
      0.39703842997550964,
      0.1873416155576706,
      0.2731495499610901,
      0.2407236546278,
      0.24000981450080872,
      0.38558974862098694,
      0.6089231371879578,
      0.49284839630126953,
      0.38045021891593933,
      0.08433885127305984,
      0.1705881953239441,
      0.21093735098838806,
      0.43230751156806946,
      0.4186627268791199,
      0.24733097851276398,
      0.2358769178390503,
      0.18927642703056335,
      0.154948890209198,
      0.3277077376842499,
      0.3095463812351227,
      0.44668298959732056,
      0.1284787952899933,
      0.1584075540304184,
      0.11016194522380829,
      0.237783282995224,
      0.25706884264945984,
      0.3029203414916992,
      0.5240402817726135,
      0.25937819480895996,
      0.4164896011352539,
      0.4888279438018799,
      0.08127798140048981,
      0.06707046180963516,
      0.13565631210803986,
      0.22203072905540466,
      0.1933583915233612,
      0.3866623640060425,
      0.2201753854751587,
      0.27103766798973083,
      0.161428302526474,
      0.42660772800445557,
      0.18221844732761383,
      0.44668298959732056,
      0.321173757314682,
      0.4133540987968445,
      0.6169381737709045,
      0.4183237552642822,
      0.6144697666168213,
      0.21622301638126373,
      0.3934548497200012,
      0.16792476177215576,
      0.5533241033554077,
      0.43192988634109497,
      0.3221253454685211,
      0.15727929770946503,
      0.599835216999054,
      0.40937644243240356,
      0.1499575674533844,
      0.3303459584712982,
      0.20116859674453735,
      0.6396580934524536,
      0.2981560230255127,
      0.15110409259796143,
      0.5728710293769836,
      0.33408981561660767,
      0.18238738179206848,
      0.18095575273036957,
      0.2670704424381256,
      0.1775880604982376,
      0.5962121486663818,
      0.21261191368103027,
      0.30884110927581787,
      0.29822027683258057,
      0.27197685837745667,
      0.13481703400611877,
      0.4237981140613556,
      0.21905361115932465,
      0.4130624234676361,
      0.20493978261947632,
      0.02685105986893177,
      0.4176647365093231,
      0.4092734754085541,
      0.29264599084854126,
      0.28752458095550537,
      0.40035054087638855,
      0.3045414984226227,
      0.191390722990036,
