{
  "seed": 42,
  "best_epoch": 17,
  "best_threshold_from_val": 0.51,
  "train_metrics": {
    "threshold": 0.51,
    "roc_auc": 0.9868355688027819,
    "pr_auc": 0.9544423189441571,
    "f1": 0.875,
    "balanced_accuracy": 0.9499503229011426,
    "precision": 0.8076923076923077,
    "recall": 0.9545454545454546,
    "confusion_matrix": [
      [
        173,
        10
      ],
      [
        2,
        42
      ]
    ],
    "classification_report": {
      "0.0": {
        "precision": 0.9885714285714285,
        "recall": 0.9453551912568307,
        "f1-score": 0.9664804469273743,
        "support": 183.0
      },
      "1.0": {
        "precision": 0.8076923076923077,
        "recall": 0.9545454545454546,
        "f1-score": 0.875,
        "support": 44.0
      },
      "accuracy": 0.947136563876652,
      "macro avg": {
        "precision": 0.8981318681318682,
        "recall": 0.9499503229011426,
        "f1-score": 0.9207402234636872,
        "support": 227.0
      },
      "weighted avg": {
        "precision": 0.9535111584450792,
        "recall": 0.947136563876652,
        "f1-score": 0.9487485541308789,
        "support": 227.0
      }
    },
    "predictions": [
      0,
      0,
      0,
      0,
      0,
      1,
      1,
      1,
      1,
      1,
      0,
      0,
      0,
      0,
      0,
      0,
      0,
      0,
      0,
      0,
      0,
      0,
      1,
      0,
      0,
      1,
      0,
      1,
      0,
      0,
      0,
      1,
      0,
      0,
      1,
      0,
      0,
      0,
      0,
      0,
      0,
      0,
      0,
      0,
      0,
      1,
      0,
      0,
      0,
      0,
      0,
      0,
      1,
      0,
      1,
      0,
      0,
      0,
      0,
      0,
      0,
      1,
      0,
      1,
      0,
      1,
      1,
      0,
      0,
      0,
      0,
      0,
      0,
      0,
      1,
      1,
      0,
      0,
      1,
      0,
      0,
      0,
      1,
      1,
      1,
      0,
      0,
      0,
      0,
      0,
      0,
      0,
      0,
      0,
      0,
      1,
      0,
      0,
      0,
      0,
      0,
      0,
      0,
      0,
      0,
      0,
      0,
      0,
      0,
      0,
      0,
      0,
      0,
      0,
      0,
      1,
      0,
      1,
      0,
      0,
      0,
      1,
      0,
      0,
      0,
      0,
      1,
      1,
      0,
      0,
      0,
      0,
      1,
      1,
      0,
      0,
      0,
      0,
      0,
      0,
      0,
      0,
      0,
      0,
      0,
      1,
      0,
      0,
      0,
      0,
      1,
      0,
      1,
      0,
      0,
      1,
      0,
      0,
      0,
      0,
      0,
      0,
      0,
      0,
      1,
      0,
      1,
      0,
      0,
      0,
      0,
      0,
      0,
      0,
      0,
      0,
      0,
      0,
      0,
      0,
      0,
      1,
      0,
      0,
      1,
      0,
      0,
      0,
      1,
      1,
      0,
      0,
      0,
      1,
      0,
      0,
      0,
      1,
      0,
      1,
      0,
      1,
      1,
      1,
      0,
      1,
      0,
      0,
      0,
      1,
      0,
      0,
      0,
      1,
      0,
      0,
      0,
      0,
      0,
      0,
      1,
      0,
      1,
      0,
      0,
      0,
      0
    ],
    "probabilities": [
      0.3105890154838562,
      0.0393674261868,
      0.0037554067093878984,
      0.050297413021326065,
      0.3395546078681946,
      0.9753884673118591,
      0.9072801470756531,
      0.9704272747039795,
      0.8307303786277771,
      0.8837608695030212,
      0.10962925851345062,
      0.10152453184127808,
      0.08422145992517471,
      0.03697086498141289,
      0.034370288252830505,
      0.22110097110271454,
      0.031112194061279297,
      0.34175920486450195,
      0.18062782287597656,
      0.06530091166496277,
      0.3494502305984497,
      0.040557861328125,
      0.9934216141700745,
      0.25313249230384827,
      0.4162096083164215,
      0.5352070927619934,
      0.11261039972305298,
      0.6165211200714111,
      0.15691354870796204,
      0.09293635934591293,
      0.14022837579250336,
      0.8683708310127258,
      0.1351970136165619,
      0.025599030777812004,
      0.9892860054969788,
      0.061045821756124496,
      0.016530627384781837,
      0.003316957736387849,
      0.051509372889995575,
      0.32622087001800537,
      0.12806634604930878,
      0.0018415082013234496,
      0.48656293749809265,
      0.054896704852581024,
      0.14069423079490662,
      0.6528242826461792,
      0.19935321807861328,
      0.07815737277269363,
      0.053590524941682816,
      0.04903232306241989,
      0.3291971683502197,
      0.040873803198337555,
      0.6187518835067749,
      0.1742958128452301,
      0.9622968435287476,
      0.3537919521331787,
      0.08223969489336014,
      0.00574483210220933,
      0.06407572329044342,
      0.019795509055256844,
      0.0049508907832205296,
      0.7366904020309448,
      0.2338128685951233,
      0.551837146282196,
      0.03505636006593704,
      0.5512322783470154,
      0.7580832242965698,
      0.17364640533924103,
      0.05181431397795677,
      0.009122136980295181,
      0.03451986983418465,
      0.02805265784263611,
      0.13436472415924072,
      0.02024836279451847,
      0.6613731384277344,
      0.9106302261352539,
      0.04871772602200508,
      0.03140571713447571,
      0.9869781732559204,
      0.07571082562208176,
      0.3469352424144745,
      0.00724799232557416,
      0.8459176421165466,
      0.99997878074646,
      0.9554251432418823,
      0.20748461782932281,
      0.22734977304935455,
      0.03419076278805733,
      0.09870041161775589,
      0.04626597464084625,
      0.07803105562925339,
      0.06787633150815964,
      0.0014220975572243333,
      0.2972564995288849,
      0.02904844470322132,
      0.9868054389953613,
      0.04879707843065262,
      0.2746778130531311,
      0.14287160336971283,
      0.10808847099542618,
      0.4348260760307312,
      0.1566486805677414,
      0.13364699482917786,
      0.04366972669959068,
      0.012212313711643219,
      0.32230865955352783,
      0.4496243894100189,
      0.2958051264286041,
      0.0073860082775354385,
      0.16482959687709808,
      0.0054166014306247234,
      0.1826326996088028,
      0.06451023370027542,
      0.22782330214977264,
      0.09425059705972672,
      0.9186211824417114,
      0.0761055126786232,
      0.934943437576294,
      0.027720648795366287,
      0.4141887128353119,
      0.2875104248523712,
      0.6173191666603088,
      0.220303475856781,
      0.4590968191623688,
      0.1401454210281372,
      0.009519068524241447,
      0.8612921237945557,
      0.7222387790679932,
      0.16333125531673431,
      0.10561122000217438,
      0.40180444717407227,
      0.3268111050128937,
      0.8622367978096008,
      0.6915039420127869,
      0.2441190779209137,
      0.02732265554368496,
      0.06731394678354263,
      0.06335928291082382,
      0.049297235906124115,
      0.03074013814330101,
      0.21478991210460663,
      0.2446233481168747,
      0.041601140052080154,
      0.06835774332284927,
      0.05913005769252777,
      0.6612948179244995,
      0.08223607391119003,
      0.010438547469675541,
      0.09257002919912338,
      0.13504165410995483,
      0.9689005017280579,
      0.13299560546875,
      0.8622270822525024,
      0.03658568859100342,
      0.05025551840662956,
      0.9192890524864197,
      0.1701185703277588,
      0.03377797082066536,
      0.013219250366091728,
      0.01344294287264347,
      0.03750195726752281,
      0.2657845914363861,
      0.03175508230924606,
      0.1604800522327423,
      0.7914510369300842,
      0.0048407744616270065,
      0.9370474219322205,
      0.2703915536403656,
      0.4998783767223358,
      0.2542972266674042,
      0.10467613488435745,
      0.32299965620040894,
      0.3720039129257202,
      0.006552782375365496,
      0.07834634184837341,
      0.1298515349626541,
      0.22462187707424164,
